constituency,electorate mar 2020,ceremonial county(s),region,council area(s),country
Aldershot,76765,Hampshire,South East,,England
Aldridge-Brownhills,73122,West Midlands,West Midlands,,England
Altrincham and Sale West,73934,Greater Manchester,North West,,England
Amber Valley,70625,Derbyshire,East Midlands,,England
Arundel and South Downs,76974,West Sussex,South East,,England
Ashfield,69819,Nottinghamshire,East Midlands,,England
Ashford,73546,Kent,South East,,England
Ashton-under-Lyne,72278,Greater Manchester,North West,,England
Aylesbury,75636,Buckinghamshire,South East,,England
Banbury,69943,Oxfordshire,South East,,England
Barking,71822,London (Barking and Dagenham),London,,England
Barnsley North,76794,South Yorkshire,Yorkshire and the Humber,,England
Barnsley South,75896,South Yorkshire,Yorkshire and the Humber,,England
Barrow and Furness,76603,Cumbria,North West,,England
Basildon and Billericay,76993,Essex,Eastern,,England
Basingstoke,77050,Hampshire,South East,,England
Bassetlaw,75773,Nottinghamshire,East Midlands,,England
Bath,73241,Avon,South West,,England
Battersea,71949,London (Wandsworth),London,,England
Beaconsfield,72315,Buckinghamshire,South East,,England
Beckenham and Penge,76625,London (Bromley),London,,England
Bedford,70068,Bedfordshire,Eastern,,England
Bermondsey and Old Southwark,70602,London (Southwark),London,,England
Bethnal Green and Stepney,77000,London (Tower Hamlets),London,,England
Beverley and Holderness,71102,Humberside,Yorkshire and the Humber,,England
Bexhill and Battle,70869,East Sussex,South East,,England
Bexleyheath and Crayford,69948,London (Bexley),London,,England
Bicester and Woodstock,70389,Oxfordshire,South East,,England
Birkenhead,76271,Merseyside,North West,,England
Birmingham Edgbaston,71354,West Midlands,West Midlands,,England
Birmingham Erdington,76856,West Midlands,West Midlands,,England
Birmingham Hall Green and Moseley,75781,West Midlands,West Midlands,,England
Birmingham Hodge Hill and Solihull North,76922,West Midlands,West Midlands,,England
Birmingham Ladywood,76585,West Midlands,West Midlands,,England
Birmingham Northfield,73483,West Midlands,West Midlands,,England
Birmingham Perry Barr,74048,West Midlands,West Midlands,,England
Birmingham Selly Oak,76285,West Midlands,West Midlands,,England
Birmingham Yardley,71912,West Midlands,West Midlands,,England
Bishop Auckland,70879,County Durham,North East,,England
Blackburn,70586,Lancashire,North West,,England
Blackley and Middleton South,71375,Greater Manchester,North West,,England
Blackpool North and Fleetwood,75396,Lancashire,North West,,England
Blackpool South,76071,Lancashire,North West,,England
Blaydon and Consett,70163,County Durham; Tyne and Wear,North East,,England
Blyth and Ashington,75452,Northumberland,North East,,England
Bognor Regis and Littlehampton,76985,West Sussex,South East,,England
Bolsover,74680,Derbyshire,East Midlands,,England
Bolton North East,77020,Greater Manchester,North West,,England
Bolton South and Walkden,75716,Greater Manchester,North West,,England
Bolton West,72125,Greater Manchester,North West,,England
Bootle,75194,Merseyside,North West,,England
Boston and Skegness,75806,Lincolnshire,East Midlands,,England
Bournemouth East,73173,Dorset,South West,,England
Bournemouth West,72094,Dorset,South West,,England
Bracknell,70247,Berkshire,South East,,England
Bradford East,72150,West Yorkshire,Yorkshire and the Humber,,England
Bradford South,70890,West Yorkshire,Yorkshire and the Humber,,England
Bradford West,71258,West Yorkshire,Yorkshire and the Humber,,England
Braintree,75662,Essex,Eastern,,England
Brent East,75880,London (Brent),London,,England
Brent West,76463,London (Brent),London,,England
Brentford and Isleworth,76354,London (Hounslow; Richmond upon Thames),London,,England
Brentwood and Ongar,74937,Essex,Eastern,,England
Bridgwater,71418,Somerset,South West,,England
Bridlington and The Wolds,72501,Humberside,Yorkshire and the Humber,,England
Brigg and Immingham,71628,Humberside,Yorkshire and the Humber,,England
Brighton Kemptown and Peacehaven,69865,East Sussex,South East,,England
Brighton Pavilion,75722,East Sussex,South East,,England
Bristol Central,70227,Avon,South West,,England
Bristol East,75936,Avon,South West,,England
Bristol North East,69793,Avon,South West,,England
Bristol North West,76783,Avon,South West,,England
Bristol South,74696,Avon,South West,,England
Broadland and Fakenham,72907,Norfolk,Eastern,,England
Bromley and Biggin Hill,70418,London (Bromley),London,,England
Bromsgrove,75305,Worcestershire,West Midlands,,England
Broxbourne,75454,Hertfordshire,Eastern,,England
Broxtowe,72461,Nottinghamshire,East Midlands,,England
Buckingham and Bletchley,73644,Buckinghamshire,South East,,England
Burnley,75436,Lancashire,North West,,England
Burton and Uttoxeter,75460,Staffordshire,West Midlands,,England
Bury North,77009,Greater Manchester,North West,,England
Bury South,74598,Greater Manchester,North West,,England
Bury St Edmunds and Stowmarket,75655,Suffolk,Eastern,,England
Calder Valley,75987,West Yorkshire,Yorkshire and the Humber,,England
Camborne and Redruth,73568,Cornwall,South West,,England
Cambridge,72560,Cambridgeshire,Eastern,,England
Cannock Chase,75582,Staffordshire,West Midlands,,England
Canterbury,75499,Kent,South East,,England
Carlisle,75868,Cumbria,North West,,England
Carshalton and Wallington,72755,London (Sutton),London,,England
Castle Point,70923,Essex,Eastern,,England
Central Devon,73491,Devon,South West,,England
Central Suffolk and North Ipswich,71020,Suffolk,Eastern,,England
Chatham and Aylesford,74840,Kent,South East,,England
Cheadle,73775,Greater Manchester,North West,,England
Chelmsford,76454,Essex,Eastern,,England
Chelsea and Fulham,76481,London (Hammersmith and Fulham; Kensington and Chelsea),London,,England
Cheltenham,75292,Gloucestershire,South West,,England
Chesham and Amersham,74155,Buckinghamshire,South East,,England
Chester North and Neston,72327,Cheshire,North West,,England
Chester South and Eddisbury,71975,Cheshire,North West,,England
Chesterfield,70722,Derbyshire,East Midlands,,England
Chichester,76765,West Sussex,South East,,England
Chingford and Woodford Green,75677,London (Redbridge; Waltham Forest),London,,England
Chippenham,71648,Wiltshire,South West,,England
Chipping Barnet,76187,London (Barnet),London,,England
Chorley,74568,Lancashire,North West,,England
Christchurch,71598,Dorset,South West,,England
Cities of London and Westminster,73140,London (City; Westminster),London,,England
City of Durham,72878,County Durham,North East,,England
Clacton,75959,Essex,Eastern,,England
Clapham and Brixton Hill,75460,London (Lambeth),London,,England
Colchester,76843,Essex,Eastern,,England
Colne Valley,71518,West Yorkshire,Yorkshire and the Humber,,England
Congleton,69836,Cheshire,North West,,England
Corby and East Northamptonshire,76748,Northamptonshire,East Midlands,,England
Coventry East,73389,West Midlands,West Midlands,,England
Coventry North West,73431,West Midlands,West Midlands,,England
Coventry South,70998,West Midlands,West Midlands,,England
Cramlington and Killingworth,73295,Northumberland; Tyne and Wear,North East,,England
Crawley,74446,West Sussex,South East,,England
Crewe and Nantwich,76236,Cheshire,North West,,England
Croydon East,75346,London (Croydon),London,,England
Croydon South,71541,London (Croydon),London,,England
Croydon West,70812,London (Croydon),London,,England
Dagenham and Rainham,73627,London (Barking and Dagenham; Havering),London,,England
Darlington,70446,County Durham,North East,,England
Dartford,72048,Kent,South East,,England
Daventry,76539,Northamptonshire,East Midlands,,England
Derby North,71876,Derbyshire,East Midlands,,England
Derby South,72067,Derbyshire,East Midlands,,England
Derbyshire Dales,71435,Derbyshire,East Midlands,,England
Dewsbury and Batley,70226,West Yorkshire,Yorkshire and the Humber,,England
Didcot and Wantage,74356,Oxfordshire,South East,,England
Doncaster Central,75007,South Yorkshire,Yorkshire and the Humber,,England
Doncaster East and the Isle of Axholme,70113,Humberside; South Yorkshire,Yorkshire and the Humber,,England
Doncaster North,71739,South Yorkshire,Yorkshire and the Humber,,England
Dorking and Horley,70317,Surrey,South East,,England
Dover and Deal,75855,Kent,South East,,England
Droitwich and Evesham,74345,Worcestershire,West Midlands,,England
Dudley,71083,West Midlands,West Midlands,,England
Dulwich and West Norwood,74314,London (Lambeth; Southwark),London,,England
Dunstable and Leighton Buzzard,74069,Bedfordshire,Eastern,,England
Ealing Central and Acton,75399,London (Ealing; Hammersmith and Fulham),London,,England
Ealing North,72985,London (Ealing),London,,England
Ealing Southall,75085,London (Ealing),London,,England
Earley and Woodley,70083,Berkshire,South East,,England
Easington,70043,County Durham,North East,,England
East Grinstead and Uckfield,72356,East Sussex; West Sussex,South East,,England
East Ham,70902,London (Newham),London,,England
East Hampshire,69959,Hampshire,South East,,England
East Surrey,73145,Surrey,South East,,England
East Thanet,73790,Kent,South East,,England
East Wiltshire,71109,Wiltshire,South West,,England
East Worthing and Shoreham,75466,West Sussex,South East,,England
Eastbourne,73322,East Sussex,South East,,England
Eastleigh,69982,Hampshire,South East,,England
Edmonton and Winchmore Hill,75204,London (Enfield),London,,England
Ellesmere Port and Bromborough,71027,Cheshire; Merseyside,North West,,England
Eltham and Chislehurst,74179,London (Bromley; Greenwich),London,,England
Ely and East Cambridgeshire,76279,Cambridgeshire,Eastern,,England
Enfield North,76824,London (Enfield),London,,England
Epping Forest,74553,Essex,Eastern,,England
Epsom and Ewell,76844,Surrey,South East,,England
Erewash,71986,Derbyshire,East Midlands,,England
Erith and Thamesmead,76728,London (Bexley; Greenwich),London,,England
Esher and Walton,73280,Surrey,South East,,England
Exeter,71713,Devon,South West,,England
Exmouth and Exeter East,74502,Devon,South West,,England
Fareham and Waterlooville,77036,Hampshire,South East,,England
Farnham and Bordon,72938,Hampshire; Surrey,South East,,England
Faversham and Mid Kent,71798,Kent,South East,,England
Feltham and Heston,75226,London (Hounslow),London,,England
Filton and Bradley Stoke,73598,Avon,South West,,England
Finchley and Golders Green,75761,London (Barnet),London,,England
Folkestone and Hythe,70023,Kent,South East,,England
Forest of Dean,71510,Gloucestershire,South West,,England
Frome and East Somerset,70177,Avon; Somerset,South West,,England
Fylde,75114,Lancashire,North West,,England
Gainsborough,74750,Lincolnshire,East Midlands,,England
Gateshead Central and Whickham,70994,Tyne and Wear,North East,,England
Gedling,75795,Nottinghamshire,East Midlands,,England
Gillingham and Rainham,73951,Kent,South East,,England
Glastonbury and Somerton,70015,Somerset,South West,,England
Gloucester,76695,Gloucestershire,South West,,England
Godalming and Ash,71399,Surrey,South East,,England
Goole and Pocklington,76337,Humberside,Yorkshire and the Humber,,England
Gorton and Denton,74306,Greater Manchester,North West,,England
Gosport,73763,Hampshire,South East,,England
Grantham and Bourne,72071,Lincolnshire,East Midlands,,England
Gravesham,72866,Kent,South East,,England
Great Grimsby and Cleethorpes,77050,Humberside,Yorkshire and the Humber,,England
Great Yarmouth,70077,Norfolk,Eastern,,England
Greenwich and Woolwich,69824,London (Greenwich),London,,England
Guildford,71367,Surrey,South East,,England
Hackney North and Stoke Newington,75401,London (Hackney),London,,England
Hackney South and Shoreditch,75197,London (Hackney),London,,England
Halesowen,69907,West Midlands,West Midlands,,England
Halifax,74563,West Yorkshire,Yorkshire and the Humber,,England
Hamble Valley,76902,Hampshire,South East,,England
Hammersmith and Chiswick,74746,London (Hammersmith and Fulham; Hounslow),London,,England
Hampstead and Highgate,74222,London (Camden; Haringey),London,,England
Harborough, Oadby and Wigston,74810,Leicestershire,East Midlands,,England
Harlow,73479,Essex,Eastern,,England
Harpenden and Berkhamsted,71635,Hertfordshire,Eastern,,England
Harrogate and Knaresborough,75800,North Yorkshire,Yorkshire and the Humber,,England
Harrow East,76299,London (Brent; Harrow),London,,England
Harrow West,74060,London (Harrow),London,,England
Hartlepool,71228,Cleveland,North East,,England
Harwich and North Essex,74838,Essex,Eastern,,England
Hastings and Rye,75581,East Sussex,South East,,England
Havant,72766,Hampshire,South East,,England
Hayes and Harlington,72897,London (Hillingdon),London,,England
Hazel Grove,72941,Greater Manchester,North West,,England
Hemel Hempstead,70496,Hertfordshire,Eastern,,England
Hendon,71496,London (Barnet),London,,England
Henley and Thame,70626,Oxfordshire,South East,,England
Hereford and South Herefordshire,71125,Herefordshire,West Midlands,,England
Herne Bay and Sandwich,76028,Kent,South East,,England
Hertford and Stortford,75396,Hertfordshire,Eastern,,England
Hertsmere,73256,Hertfordshire,Eastern,,England
Hexham,72738,Northumberland; Tyne and Wear,North East,,England
Heywood and Middleton North,73306,Greater Manchester,North West,,England
High Peak,73960,Derbyshire,East Midlands,,England
Hinckley and Bosworth,75683,Leicestershire,East Midlands,,England
Hitchin,72112,Bedfordshire; Hertfordshire,Eastern,,England
Holborn and St Pancras,75475,London (Camden),London,,England
Honiton and Sidmouth,74365,Devon,South West,,England
Hornchurch and Upminster,76938,London (Havering),London,,England
Hornsey and Friern Barnet,70565,London (Barnet; Haringey),London,,England
Horsham,76981,West Sussex,South East,,England
Houghton and Sunderland South,76883,Tyne and Wear,North East,,England
Hove and Portslade,73726,East Sussex,South East,,England
Huddersfield,76044,West Yorkshire,Yorkshire and the Humber,,England
Huntingdon,75590,Cambridgeshire,Eastern,,England
Hyndburn,71145,Lancashire,North West,,England
Ilford North,74684,London (Redbridge),London,,England
Ilford South,74065,London (Barking and Dagenham; Redbridge),London,,England
Ipswich,75117,Suffolk,Eastern,,England
Isle of Wight East,56805,Hampshire,South East,,England
Isle of Wight West,54911,Hampshire,South East,,England
Islington North,73970,London (Islington),London,,England
Islington South and Finsbury,75905,London (Hackney; Islington),London,,England
Jarrow and Gateshead East,71106,Tyne and Wear,North East,,England
Keighley and Ilkley,72954,West Yorkshire,Yorkshire and the Humber,,England
Kenilworth and Southam,71451,Warwickshire,West Midlands,,England
Kensington and Bayswater,75980,London (Kensington and Chelsea; Westminster),London,,England
Kettering,76163,Northamptonshire,East Midlands,,England
Kingston and Surbiton,75410,London (Kingston upon Thames),London,,England
Kingston upon Hull East,72622,Humberside,Yorkshire and the Humber,,England
Kingston upon Hull North and Cottingham,76039,Humberside,Yorkshire and the Humber,,England
Kingston upon Hull West and Haltemprice,74321,Humberside,Yorkshire and the Humber,,England
Kingswinford and South Staffordshire,71896,Staffordshire; West Midlands,West Midlands,,England
Knowsley,71228,Merseyside,North West,,England
Lancaster and Wyre,74992,Lancashire,North West,,England
Leeds Central and Headingley,75396,West Yorkshire,Yorkshire and the Humber,,England
Leeds East,75330,West Yorkshire,Yorkshire and the Humber,,England
Leeds North East,70976,West Yorkshire,Yorkshire and the Humber,,England
Leeds North West,71607,West Yorkshire,Yorkshire and the Humber,,England
Leeds South,74726,West Yorkshire,Yorkshire and the Humber,,England
Leeds South West and Morley,71376,West Yorkshire,Yorkshire and the Humber,,England
Leeds West and Pudsey,70270,West Yorkshire,Yorkshire and the Humber,,England
Leicester East,76465,Leicestershire,East Midlands,,England
Leicester South,71007,Leicestershire,East Midlands,,England
Leicester West,72848,Leicestershire,East Midlands,,England
Leigh and Atherton,76363,Greater Manchester,North West,,England
Lewes,75091,East Sussex,South East,,England
Lewisham East,71706,London (Lewisham),London,,England
Lewisham North,73504,London (Lewisham),London,,England
Lewisham West and East Dulwich,69904,London (Lewisham; Southwark),London,,England
Leyton and Wanstead,71330,London (Redbridge; Waltham Forest),London,,England
Lichfield,74942,Staffordshire,West Midlands,,England
Lincoln,74128,Lincolnshire,East Midlands,,England
Liverpool Garston,70372,Merseyside,North West,,England
Liverpool Riverside,70157,Merseyside,North West,,England
Liverpool Walton,71181,Merseyside,North West,,England
Liverpool Wavertree,71076,Merseyside,North West,,England
Liverpool West Derby,70730,Merseyside,North West,,England
Loughborough,73902,Leicestershire,East Midlands,,England
Louth and Horncastle,75959,Lincolnshire,East Midlands,,England
Lowestoft,73967,Suffolk,Eastern,,England
Luton North,73266,Bedfordshire,Eastern,,England
Luton South and South Bedfordshire,70197,Bedfordshire,Eastern,,England
Macclesfield,75881,Cheshire,North West,,England
Maidenhead,73463,Berkshire,South East,,England
Maidstone and Malling,73084,Kent,South East,,England
Makerfield,76517,Greater Manchester,North West,,England
Maldon,76794,Essex,Eastern,,England
Manchester Central,75311,Greater Manchester,North West,,England
Manchester Rusholme,70692,Greater Manchester,North West,,England
Manchester Withington,71614,Greater Manchester,North West,,England
Mansfield,74680,Nottinghamshire,East Midlands,,England
Melksham and Devizes,71823,Wiltshire,South West,,England
Melton and Syston,71615,Leicestershire,East Midlands,,England
Meriden and Solihull East,74211,West Midlands,West Midlands,,England
Mid Bedfordshire,71748,Bedfordshire,Eastern,,England
Mid Buckinghamshire,72240,Buckinghamshire,South East,,England
Mid Cheshire,69775,Cheshire,North West,,England
Mid Derbyshire,70085,Derbyshire,East Midlands,,England
Mid Dorset and North Poole,74305,Dorset,South West,,England
Mid Leicestershire,76173,Leicestershire,East Midlands,,England
Mid Norfolk,71060,Norfolk,Eastern,,England
Mid Sussex,72255,West Sussex,South East,,England
Middlesbrough and Thornaby East,71742,North Yorkshire,North East,,England
Middlesbrough South and East Cleveland,69967,Cleveland,North East,,England
Milton Keynes Central,76708,Buckinghamshire,South East,,England
Milton Keynes North,70620,Buckinghamshire,South East,,England
Mitcham and Morden,76877,London (Merton),London,,England
Morecambe and Lunesdale,76040,Cumbria; Lancashire,North West,,England
New Forest East,73823,Hampshire,South East,,England
New Forest West,71009,Hampshire,South East,,England
Newark,76478,Nottinghamshire,East Midlands,,England
Newbury,71631,Berkshire,South East,,England
Newcastle-under-Lyme,70025,Staffordshire,West Midlands,,England
Newcastle upon Tyne Central and West,76460,Tyne and Wear,North East,,England
Newcastle upon Tyne East and Wallsend,76875,Tyne and Wear,North East,,England
Newcastle upon Tyne North,76503,Tyne and Wear,North East,,England
Newton Abbot,72956,Devon,South West,,England
Newton Aycliffe and Spennymoor,71299,County Durham,North East,,England
Normanton and Hemsworth,75388,West Yorkshire,Yorkshire and the Humber,,England
North Bedfordshire,76319,Bedfordshire,Eastern,,England
North Cornwall,75034,Cornwall,South West,,England
North Cotswolds,70915,Gloucestershire,South West,,England
North Devon,76455,Devon,South West,,England
North Dorset,72109,Dorset,South West,,England
North Durham,73079,County Durham,North East,,England
North East Cambridgeshire,70806,Cambridgeshire,Eastern,,England
North East Derbyshire,72344,Derbyshire,East Midlands,,England
North East Hampshire,73306,Hampshire,South East,,England
North East Hertfordshire,76849,Hertfordshire,Eastern,,England
North East Somerset and Hanham,73113,Avon,South West,,England
North Herefordshire,70894,Herefordshire,West Midlands,,England
North Norfolk,70719,Norfolk,Eastern,,England
North Northumberland,72541,Northumberland,North East,,England
North Shropshire,77052,Shropshire,West Midlands,,England
North Somerset,73963,Avon,South West,,England
North Warwickshire and Bedworth,70245,Warwickshire,West Midlands,,England
North West Cambridgeshire,73556,Cambridgeshire,Eastern,,England
North West Essex,76280,Essex,Eastern,,England
North West Hampshire,76004,Hampshire,South East,,England
North West Leicestershire,75373,Leicestershire,East Midlands,,England
North West Norfolk,75200,Norfolk,Eastern,,England
Northampton North,75713,Northamptonshire,East Midlands,,England
Northampton South,71512,Northamptonshire,East Midlands,,England
Norwich North,71441,Norfolk,Eastern,,England
Norwich South,73301,Norfolk,Eastern,,England
Nottingham East,75327,Nottinghamshire,East Midlands,,England
Nottingham North and Kimberley,74515,Nottinghamshire,East Midlands,,England
Nottingham South,76076,Nottinghamshire,East Midlands,,England
Nuneaton,70335,Warwickshire,West Midlands,,England
Old Bexley and Sidcup,74317,London (Bexley),London,,England
Oldham East and Saddleworth,72997,Greater Manchester,North West,,England
Oldham West, Chadderton and Royton,74183,Greater Manchester,North West,,England
Orpington,71571,London (Bromley),London,,England
Ossett and Denby Dale,71595,West Yorkshire,Yorkshire and the Humber,,England
Oxford East,72371,Oxfordshire,South East,,England
Oxford West and Abingdon,72004,Oxfordshire,South East,,England
Peckham,71176,London (Southwark),London,,England
Pendle and Clitheroe,76941,Lancashire,North West,,England
Penistone and Stocksbridge,71377,South Yorkshire,Yorkshire and the Humber,,England
Penrith and Solway,76720,Cumbria,North West,,England
Peterborough,72273,Cambridgeshire,Eastern,,England
Plymouth Moor View,73378,Devon,South West,,England
Plymouth Sutton and Devonport,73495,Devon,South West,,England
Pontefract, Castleford and Knottingley,72751,West Yorkshire,Yorkshire and the Humber,,England
Poole,72162,Dorset,South West,,England
Poplar and Limehouse,75814,London (Tower Hamlets),London,,England
Portsmouth North,71844,Hampshire,South East,,England
Portsmouth South,74253,Hampshire,South East,,England
Preston,72946,Lancashire,North West,,England
Putney,73041,London (Wandsworth),London,,England
Queen's Park and Maida Vale,75256,London (Brent; Westminster),London,,England
Rawmarsh and Conisbrough,70272,South Yorkshire,Yorkshire and the Humber,,England
Rayleigh and Wickford,76422,Essex,Eastern,,England
Reading Central,71283,Berkshire,South East,,England
Reading West and Mid Berkshire,69999,Berkshire,South East,,England
Redcar,71331,Cleveland,North East,,England
Redditch,69921,Worcestershire,West Midlands,,England
Reigate,76139,Surrey,South East,,England
Ribble Valley,75993,Lancashire,North West,,England
Richmond and Northallerton,72744,North Yorkshire,Yorkshire and the Humber,,England
Richmond Park,75037,London (Kingston upon Thames; Richmond upon Thames),London,,England
Rochdale,71697,Greater Manchester,North West,,England
Rochester and Strood,72155,Kent,South East,,England
Romford,73730,London (Havering),London,,England
Romsey and Southampton North,73831,Hampshire,South East,,England
Rossendale and Darwen,74593,Lancashire,North West,,England
Rother Valley,70184,South Yorkshire,Yorkshire and the Humber,,England
Rotherham,75345,South Yorkshire,Yorkshire and the Humber,,England
Rugby,72603,Warwickshire,West Midlands,,England
Ruislip, Northwood and Pinner,72168,London (Harrow; Hillingdon),London,,England
Runcorn and Helsby,70950,Cheshire,North West,,England
Runnymede and Weybridge,73778,Surrey,South East,,England
Rushcliffe,76171,Nottinghamshire,East Midlands,,England
Rutland and Stamford,70864,Leicestershire and Rutland; Lincolnshire,East Midlands,,England
Salford,72169,Greater Manchester,North West,,England
Salisbury,70242,Wiltshire,South West,,England
Scarborough and Whitby,73862,North Yorkshire,Yorkshire and the Humber,,England
Scunthorpe,74278,Humberside,Yorkshire and the Humber,,England
Sefton Central,74746,Merseyside,North West,,England
Selby,74761,North Yorkshire; West Yorkshire,Yorkshire and the Humber,,England
Sevenoaks,73684,Kent,South East,,England
Sheffield Brightside and Hillsborough,71154,South Yorkshire,Yorkshire and the Humber,,England
Sheffield Central,70453,South Yorkshire,Yorkshire and the Humber,,England
Sheffield Hallam,76637,South Yorkshire,Yorkshire and the Humber,,England
Sheffield Heeley,74614,South Yorkshire,Yorkshire and the Humber,,England
Sheffield South East,76223,South Yorkshire,Yorkshire and the Humber,,England
Sherwood Forest,76543,Nottinghamshire,East Midlands,,England
Shipley,74095,West Yorkshire,Yorkshire and the Humber,,England
Shrewsbury,75139,Shropshire,West Midlands,,England
Sittingbourne and Sheppey,76818,Kent,South East,,England
Skipton and Ripon,76758,North Yorkshire,Yorkshire and the Humber,,England
Sleaford and North Hykeham,73380,Lincolnshire,East Midlands,,England
Slough,75287,Berkshire,South East,,England
Smethwick,71195,West Midlands,West Midlands,,England
Solihull West and Shirley,70537,West Midlands,West Midlands,,England
South Basildon and East Thurrock,73322,Essex,Eastern,,England
South Cambridgeshire,75484,Cambridgeshire,Eastern,,England
South Cotswolds,72865,Gloucestershire; Wiltshire,South West,,England
South Derbyshire,71202,Derbyshire,East Midlands,,England
South Devon,71691,Devon,South West,,England
South Dorset,76640,Dorset,South West,,England
South East Cornwall,71734,Cornwall,South West,,England
South Holland and The Deepings,76139,Lincolnshire,East Midlands,,England
South Leicestershire,75634,Leicestershire,East Midlands,,England
South Norfolk,69837,Norfolk,Eastern,,England
South Northamptonshire,76555,Northamptonshire,East Midlands,,England
South Ribble,72029,Lancashire,North West,,England
South Shields,69725,Tyne and Wear,North East,,England
South Shropshire,77034,Shropshire,West Midlands,,England
South Suffolk,71070,Suffolk,Eastern,,England
South West Devon,75371,Devon,South West,,England
South West Hertfordshire,71552,Hertfordshire,Eastern,,England
South West Norfolk,72496,Norfolk,Eastern,,England
South West Wiltshire,71551,Wiltshire,South West,,England
Southampton Itchen,72150,Hampshire,South East,,England
Southampton Test,69960,Hampshire,South East,,England
Southend East and Rochford,70094,Essex,Eastern,,England
Southend West and Leigh,76824,Essex,Eastern,,England
Southgate and Wood Green,76034,London (Enfield; Haringey),London,,England
Southport,74168,Lancashire; Merseyside,North West,,England
Spelthorne,72897,Surrey,South East,,England
Spen Valley,72169,West Yorkshire,Yorkshire and the Humber,,England
St Albans,70881,Hertfordshire,Eastern,,England
St Austell and Newquay,74585,Cornwall,South West,,England
St Helens North,76082,Merseyside,North West,,England
St Helens South and Whiston,70937,Merseyside,North West,,England
St Ives,70107,Cornwall,South West,,England
St Neots and Mid Cambridgeshire,74699,Cambridgeshire,Eastern,,England
Stafford,70537,Staffordshire,West Midlands,,England
Staffordshire Moorlands,70113,Staffordshire,West Midlands,,England
Stalybridge and Hyde,73028,Greater Manchester,North West,,England
Stevenage,70370,Hertfordshire,Eastern,,England
Stockport,74769,Greater Manchester,North West,,England
Stockton North,69779,Cleveland,North East,,England
Stockton West,70108,Cleveland; County Durham,North East,,England
Stoke-on-Trent Central,70550,Staffordshire,West Midlands,,England
Stoke-on-Trent North,69821,Staffordshire,West Midlands,,England
Stoke-on-Trent South,69831,Staffordshire,West Midlands,,England
Stone, Great Wyrley and Penkridge,70701,Staffordshire,West Midlands,,England
Stourbridge,69840,West Midlands,West Midlands,,England
Stratford-on-Avon,72388,Warwickshire,West Midlands,,England
Stratford and Bow,73849,London (Newham; Tower Hamlets),London,,England
Streatham and Croydon North,76050,London (Croydon; Lambeth),London,,England
Stretford and Urmston,73212,Greater Manchester,North West,,England
Stroud,76249,Gloucestershire,South West,,England
Suffolk Coastal,72663,Suffolk,Eastern,,England
Sunderland Central,72688,Tyne and Wear,North East,,England
Surrey Heath,70825,Surrey,South East,,England
Sussex Weald,70075,East Sussex,South East,,England
Sutton and Cheam,71284,London (Sutton),London,,England
Sutton Coldfield,74584,West Midlands,West Midlands,,England
Swindon North,72163,Wiltshire,South West,,England
Swindon South,72468,Wiltshire,South West,,England
Tamworth,73644,Staffordshire,West Midlands,,England
Tatton,75538,Cheshire,North West,,England
Taunton and Wellington,76049,Somerset,South West,,England
Telford,70768,Shropshire,West Midlands,,England
Tewkesbury,72426,Gloucestershire,South West,,England
The Wrekin,76143,Shropshire,West Midlands,,England
Thirsk and Malton,76623,North Yorkshire,Yorkshire and the Humber,,England
Thornbury and Yate,74935,Avon,South West,,England
Thurrock,73347,Essex,Eastern,,England
Tipton and Wednesbury,73820,West Midlands,West Midlands,,England
Tiverton and Minehead,70829,Devon; Somerset,South West,,England
Tonbridge,73692,Kent,South East,,England
Tooting,76986,London (Wandsworth),London,,England
Torbay,75742,Devon,South West,,England
Torridge and Tavistock,74802,Devon,South West,,England
Tottenham,75968,London (Hackney; Haringey),London,,England
Truro and Falmouth,73326,Cornwall,South West,,England
Tunbridge Wells,75213,Kent,South East,,England
Twickenham,75889,London (Richmond upon Thames),London,,England
Tynemouth,73022,Tyne and Wear,North East,,England
Uxbridge and South Ruislip,75042,London (Hillingdon),London,,England
Vauxhall and Camberwell Green,69995,London (Lambeth; Southwark),London,,England
Wakefield and Rothwell,73968,West Yorkshire,Yorkshire and the Humber,,England
Wallasey,73054,Merseyside,North West,,England
Walsall and Bloxwich,74866,West Midlands,West Midlands,,England
Walthamstow,70867,London (Waltham Forest),London,,England
Warrington North,72350,Cheshire,North West,,England
Warrington South,76639,Cheshire,North West,,England
Warwick and Leamington,75440,Warwickshire,West Midlands,,England
Washington and Gateshead South,71775,Tyne and Wear,North East,,England
Watford,70576,Hertfordshire,Eastern,,England
Waveney Valley,70540,Norfolk; Suffolk,Eastern,,England
Weald of Kent,70110,Kent,South East,,England
Wellingborough and Rushden,76669,Northamptonshire,East Midlands,,England
Wells and Mendip Hills,69843,Avon; Somerset,South West,,England
Welwyn Hatfield,74535,Hertfordshire,Eastern,,England
West Bromwich,72206,West Midlands,West Midlands,,England
West Dorset,75390,Dorset,South West,,England
West Ham and Beckton,70590,London (Newham),London,,England
West Lancashire,73652,Lancashire,North West,,England
West Suffolk,76243,Suffolk,Eastern,,England
West Worcestershire,76638,Worcestershire,West Midlands,,England
Westmorland and Lonsdale,72322,Cumbria,North West,,England
Weston-super-Mare,70722,Avon,South West,,England
Wetherby and Easingwold,71455,North Yorkshire; West Yorkshire,Yorkshire and the Humber,,England
Whitehaven and Workington,73385,Cumbria,North West,,England
Widnes and Halewood,70865,Cheshire; Merseyside,North West,,England
Wigan,75607,Greater Manchester,North West,,England
Wimbledon,74641,London (Kingston upon Thames; Merton),London,,England
Winchester,76577,Hampshire,South East,,England
Windsor,74338,Berkshire; Surrey,South East,,England
Wirral West,72126,Merseyside,North West,,England
Witham,75064,Essex,Eastern,,England
Witney,70042,Oxfordshire,South East,,England
Woking,71737,Surrey,South East,,England
Wokingham,70235,Berkshire,South East,,England
Wolverhampton North East,70449,West Midlands,West Midlands,,England
Wolverhampton South East,75685,West Midlands,West Midlands,,England
Wolverhampton West,75592,West Midlands,West Midlands,,England
Worcester,73928,Worcestershire,West Midlands,,England
Worsley and Eccles,76915,Greater Manchester,North West,,England
Worthing West,76293,West Sussex,South East,,England
Wycombe,71769,Buckinghamshire,South East,,England
Wyre Forest,77015,Worcestershire,West Midlands,,England
Wythenshawe and Sale East,76971,Greater Manchester,North West,,England
Yeovil,76056,Somerset,South West,,England
York Central,74854,North Yorkshire,Yorkshire and the Humber,,England
York Outer,72720,North Yorkshire,Yorkshire and the Humber,,England
Aberdeen North,76895,,,Aberdeen City,Scotland
Aberdeen South,76560,,,Aberdeen City,Scotland
Aberdeenshire North and Moray East,71485,,,Aberdeenshire; Moray,Scotland
Airdrie and Shotts,70420,,,North Lanarkshire,Scotland
Alloa and Grangemouth,72265,,,Clackmannanshire; Falkirk,Scotland
Angus and Perthshire Glens,77006,,,Angus; Perth and Kinross,Scotland
Arbroath and Broughty Ferry,76810,,,Angus; Dundee City,Scotland
Argyll, Bute and South Lochaber,71707,,,Argyll and Bute; Highland,Scotland
Ayr, Carrick and Cumnock,72057,,,East Ayrshire; South Ayrshire,Scotland
Bathgate and Linlithgow,71650,,,Falkirk; West Lothian,Scotland
Berwickshire, Roxburgh and Selkirk,74687,,,Scottish Borders,Scotland
Caithness, Sutherland and Easter Ross,75173,,,Highland,Scotland
Central Ayrshire,69779,,,North Ayrshire; South Ayrshire,Scotland
Coatbridge and Bellshill,72507,,,North Lanarkshire,Scotland
Cowdenbeath and Kirkcaldy,70329,,,Fife,Scotland
Cumbernauld and Kirkintilloch,70579,,,East Dunbartonshire; North Lanarkshire,Scotland
Dumfries and Galloway,76863,,,Dumfries and Galloway,Scotland
Dumfriesshire, Clydesdale and Tweeddale,70738,,,Dumfries and Galloway; Scottish Borders; South Lanarkshire,Scotland
Dundee Central,75298,,,Dundee City,Scotland
Dunfermline and Dollar,70725,,,Clackmannanshire; Fife,Scotland
East Kilbride and Strathaven,75161,,,South Lanarkshire,Scotland
East Renfrewshire,72959,,,East Renfrewshire,Scotland
Edinburgh East and Musselburgh,75705,,,City of Edinburgh; East Lothian,Scotland
Edinburgh North and Leith,76770,,,City of Edinburgh,Scotland
Edinburgh South,70980,,,City of Edinburgh,Scotland
Edinburgh South West,73315,,,City of Edinburgh,Scotland
Edinburgh West,76723,,,City of Edinburgh,Scotland
Falkirk,75067,,,Falkirk,Scotland
Glasgow East,69748,,,Glasgow City,Scotland
Glasgow North,73210,,,Glasgow City,Scotland
Glasgow North East,75236,,,Glasgow City,Scotland
Glasgow South,71344,,,Glasgow City,Scotland
Glasgow South West,70431,,,Glasgow City,Scotland
Glasgow West,72499,,,Glasgow City,Scotland
Glenrothes and Mid Fife,69734,,,Fife,Scotland
Gordon and Buchan,70238,,,Aberdeenshire,Scotland
Hamilton and Clyde Valley,74577,,,South Lanarkshire,Scotland
Inverclyde and Renfrewshire West,70418,,,Inverclyde; Renfrewshire,Scotland
Inverness, Skye and West Ross-shire,76903,,,Highland,Scotland
Kilmarnock and Loudoun,74801,,,East Ayrshire,Scotland
Livingston,75454,,,West Lothian,Scotland
Lothian East,71287,,,East Lothian,Scotland
Mid Dunbartonshire,75099,,,East Dunbartonshire; North Lanarkshire,Scotland
Midlothian,71210,,,Midlothian,Scotland
Moray West, Nairn and Strathspey,76237,,,Highland; Moray,Scotland
Motherwell, Wishaw and Carluke,72318,,,North Lanarkshire; South Lanarkshire,Scotland
Na h-Eileanan an Iar,21177,,,Na h-Eileanan an Iar,Scotland
North Ayrshire and Arran,73588,,,North Ayrshire,Scotland
North East Fife,70452,,,Fife,Scotland
Orkney and Shetland,34824,,,Orkney Islands; Shetland Islands,Scotland
Paisley and Renfrewshire North,69941,,,Glasgow City; Renfrewshire,Scotland
Paisley and Renfrewshire South,69813,,,Renfrewshire,Scotland
Perth and Kinross-shire,76320,,,Perth and Kinross,Scotland
Rutherglen,71612,,,South Lanarkshire,Scotland
Stirling and Strathallan,77008,,,Perth and Kinross; Stirling,Scotland
West Aberdeenshire and Kincardine,73634,,,Aberdeenshire,Scotland
West Dunbartonshire,70286,,,Glasgow City; West Dunbartonshire,Scotland
Aberafan Maesteg,69817,,,Bridgend; Neath Port Talbot,Wales
Alyn and Deeside,75695,,,Flintshire,Wales
Bangor Aberconwy,70468,,,Conwy; Denbighshire; Gwynedd,Wales
Blaenau Gwent and Rhymney,71079,,,Blaenau Gwent; Caerphilly,Wales
Brecon, Radnor and Cwm Tawe,72113,,,Neath Port Talbot; Powys,Wales
Bridgend,70770,,,Bridgend,Wales
Caerfyrddin,72683,,,Carmarthenshire,Wales
Caerphilly,72458,,,Caerphilly,Wales
Cardiff East,72463,,,Cardiff,Wales
Cardiff North,71143,,,Cardiff; Rhondda Cynon Taf,Wales
Cardiff South and Penarth,72269,,,Cardiff; Vale of Glamorgan,Wales
Cardiff West,73947,,,Cardiff; Rhondda Cynon Taf,Wales
Ceredigion Preseli,74063,,,Ceredigion; Pembrokeshire,Wales
Clwyd East,76395,,,Denbighshire; Flintshire; Wrexham,Wales
Clwyd North,76150,,,Conwy; Denbighshire,Wales
Dwyfor Meirionnydd,72533,,,Denbighshire; Gwynedd,Wales
Gower,76801,,,Swansea,Wales
Llanelli,69895,,,Carmarthenshire,Wales
Merthyr Tydfil and Aberdare,74805,,,Merthyr Tydfil; Rhondda Cynon Taf,Wales
Mid and South Pembrokeshire,76820,,,Pembrokeshire,Wales
Monmouthshire,72681,,,Monmouthshire,Wales
Montgomeryshire and Glynd_r,74223,,,Powys; Wrexham,Wales
Neath and Swansea East,74705,,,Neath Port Talbot; Swansea,Wales
Newport East,76159,,,Newport,Wales
Newport West and Islwyn,76234,,,Caerphilly; Newport,Wales
Pontypridd,73743,,,Rhondda Cynon Taf,Wales
Rhondda and Ogmore,73557,,,Bridgend; Rhondda Cynon Taf,Wales
Swansea West,74612,,,Swansea,Wales
Torfaen,70591,,,Torfaen,Wales
Vale of Glamorgan,70426,,,Vale of Glamorgan,Wales
Wrexham,70964,,,Wrexham,Wales
Ynys M n,52415,,,Isle of Anglesey,Wales
Belfast East,70076,,,Belfast; Lisburn and Castlereagh,Northern Ireland
Belfast North,71372,,,Antrim and Newtownabbey; Belfast,Northern Ireland
Belfast South and Mid Down,71978,,,Belfast; Lisburn and Castlereagh; Newry, Mourne and Down,Northern Ireland
Belfast West,71921,,,Belfast; Lisburn and Castlereagh,Northern Ireland
East Antrim,69936,,,Antrim and Newtownabbey; Causeway Coast and Glens; Mid and East Antrim,Northern Ireland
East Londonderry,72213,,,Causeway Coast and Glens; Derry City and Strabane,Northern Ireland
Fermanagh and South Tyrone,74643,,,Armagh City, Banbridge and Craigavon; Fermanagh and Omagh; Mid Ulster,Northern Ireland
Foyle,69890,,,Derry City and Strabane,Northern Ireland
Lagan Valley,76332,,,Armagh City, Banbridge and Craigavon; Lisburn and Castlereagh,Northern Ireland
Mid Ulster,70094,,,Armagh City, Banbridge and Craigavon; Mid Ulster,Northern Ireland
Newry and Armagh,74585,,,Armagh City, Banbridge and Craigavon; Newry, Mourne and Down,Northern Ireland
North Antrim,71165,,,Causeway Coast and Glens; Mid and East Antrim,Northern Ireland
North Down,70412,,,Ards and North Down; Belfast,Northern Ireland
South Antrim,71646,,,Antrim and Newtownabbey; Lisburn and Castlereagh,Northern Ireland
South Down,71772,,,Armagh City, Banbridge and Craigavon; Newry, Mourne and Down,Northern Ireland
Strangford,70070,,,Ards and North Down; Newry, Mourne and Down,Northern Ireland
Upper Bann,76969,,,Armagh City, Banbridge and Craigavon,Northern Ireland
West Tyrone,70614,,,Derry City and Strabane; Fermanagh and Omagh; Mid Ulster,Northern Ireland